route_type,hour,scheduled_stop_departures,mode
1,0,9155,Rail
1,1,6754,Rail
1,2,3292,Rail
1,3,2840,Rail
1,4,4422,Rail
1,5,7434,Rail
1,6,10385,Rail
1,7,12996,Rail
1,8,14125,Rail
1,9,13694,Rail
1,10,13207,Rail
1,11,13055,Rail
1,12,13077,Rail
1,13,13164,Rail
1,14,13438,Rail
1,15,14358,Rail
1,16,15260,Rail
1,17,15191,Rail
1,18,13986,Rail
1,19,12976,Rail
1,20,12476,Rail
1,21,11986,Rail
1,22,11579,Rail
1,23,10583,Rail
3,0,99614,Bus
3,1,55474,Bus
3,2,31682,Bus
3,3,35317,Bus
3,4,77500,Bus
3,5,161596,Bus
3,6,237371,Bus
3,7,284507,Bus
3,8,314866,Bus
3,9,316767,Bus
3,10,308294,Bus
3,11,307540,Bus
3,12,311947,Bus
3,13,320558,Bus
3,14,335396,Bus
3,15,348577,Bus
3,16,354257,Bus
3,17,347741,Bus
3,18,331104,Bus
3,19,301834,Bus
3,20,279009,Bus
3,21,243498,Bus
3,22,195873,Bus
3,23,145765,Bus
