service_date,network_scheduled_trips,routes_with_service,routes_without_service,day_of_week,is_weekend,rolling_7day_average
2026-08-05,20689,133,0,Wednesday,False,20689.0
2026-08-06,20689,133,0,Thursday,False,20689.0
2026-08-07,20689,133,0,Friday,False,20689.0
2026-08-08,15717,101,0,Saturday,True,19446.0
2026-08-09,13479,95,0,Sunday,True,18252.6
2026-08-10,20606,133,0,Monday,False,18644.83
2026-08-11,20633,133,0,Tuesday,False,18928.86
2026-08-12,20633,133,0,Wednesday,False,18920.86
2026-08-13,20633,133,0,Thursday,False,18912.86
2026-08-14,20633,133,0,Friday,False,18904.86
2026-08-15,15621,101,0,Saturday,True,18891.14
2026-08-16,13407,95,0,Sunday,True,18880.86
2026-08-17,20606,133,0,Monday,False,18880.86
2026-08-18,20633,133,0,Tuesday,False,18880.86
2026-08-19,20633,133,0,Wednesday,False,18880.86
2026-08-20,20633,133,0,Thursday,False,18880.86
2026-08-21,20633,133,0,Friday,False,18880.86
2026-08-22,15621,101,0,Saturday,True,18880.86
2026-08-23,13605,96,0,Sunday,True,18909.14
2026-08-24,21152,133,0,Monday,False,18987.14
2026-08-25,21187,133,0,Tuesday,False,19066.29
2026-08-26,21190,133,0,Wednesday,False,19145.86
2026-08-27,21187,133,0,Thursday,False,19225.0
2026-08-28,21188,133,0,Friday,False,19304.29
2026-08-29,15750,103,0,Saturday,True,19322.71
2026-08-30,13605,96,0,Sunday,True,19322.71
2026-08-31,21152,133,0,Monday,False,19322.71
2026-09-01,21187,133,0,Tuesday,False,19322.71
2026-09-02,21190,133,0,Wednesday,False,19322.71
2026-09-03,21187,133,0,Thursday,False,19322.71
2026-09-04,21188,133,0,Friday,False,19322.71
2026-09-05,15750,103,0,Saturday,True,19322.71
2026-09-06,13605,96,0,Sunday,True,19322.71
2026-09-07,13566,97,0,Monday,False,18239.0
2026-09-08,21090,132,0,Tuesday,False,18225.14
2026-09-09,21127,132,0,Wednesday,False,18216.14
2026-09-10,21124,132,0,Thursday,False,18207.14
2026-09-11,21125,132,0,Friday,False,18198.14
2026-09-12,15687,102,0,Saturday,True,18189.14
2026-09-13,13540,95,0,Sunday,True,18179.86
2026-09-14,21089,132,0,Monday,False,19254.57
2026-09-15,21124,132,0,Tuesday,False,19259.43
2026-09-16,21127,132,0,Wednesday,False,19259.43
2026-09-17,21124,132,0,Thursday,False,19259.43
2026-09-18,21125,132,0,Friday,False,19259.43
2026-09-19,15687,102,0,Saturday,True,19259.43
2026-09-20,13540,95,0,Sunday,True,19259.43
2026-09-21,21089,132,0,Monday,False,19259.43
2026-09-22,21124,132,0,Tuesday,False,19259.43
2026-09-23,21127,132,0,Wednesday,False,19259.43
2026-09-24,21124,132,0,Thursday,False,19259.43
2026-09-25,21125,132,0,Friday,False,19259.43
2026-09-26,15687,102,0,Saturday,True,19259.43
2026-09-27,13540,95,0,Sunday,True,19259.43
2026-09-28,21089,132,0,Monday,False,19259.43
2026-09-29,21124,132,0,Tuesday,False,19259.43
2026-09-30,21127,132,0,Wednesday,False,19259.43
2026-10-01,21124,132,0,Thursday,False,19259.43
2026-10-02,21125,132,0,Friday,False,19259.43
2026-10-03,15687,102,0,Saturday,True,19259.43
2026-10-04,13540,95,0,Sunday,True,19259.43
2026-10-05,21089,132,0,Monday,False,19259.43
2026-10-06,21124,132,0,Tuesday,False,19259.43
2026-10-07,21127,132,0,Wednesday,False,19259.43
2026-10-08,21124,132,0,Thursday,False,19259.43
2026-10-09,21125,132,0,Friday,False,19259.43
2026-10-10,15687,102,0,Saturday,True,19259.43
2026-10-11,13540,95,0,Sunday,True,19259.43
2026-10-12,21089,132,0,Monday,False,19259.43
2026-10-13,21124,132,0,Tuesday,False,19259.43
2026-10-14,21127,132,0,Wednesday,False,19259.43
2026-10-15,21124,132,0,Thursday,False,19259.43
2026-10-16,21125,132,0,Friday,False,19259.43
2026-10-17,15687,102,0,Saturday,True,19259.43
2026-10-18,13540,95,0,Sunday,True,19259.43
2026-10-19,21089,132,0,Monday,False,19259.43
2026-10-20,21124,132,0,Tuesday,False,19259.43
2026-10-21,21127,132,0,Wednesday,False,19259.43
2026-10-22,21124,132,0,Thursday,False,19259.43
2026-10-23,21125,132,0,Friday,False,19259.43
2026-10-24,15687,102,0,Saturday,True,19259.43
2026-10-25,13540,95,0,Sunday,True,19259.43
2026-10-26,21089,132,0,Monday,False,19259.43
2026-10-27,21124,132,0,Tuesday,False,19259.43
2026-10-28,21127,132,0,Wednesday,False,19259.43
2026-10-29,21124,132,0,Thursday,False,19259.43
2026-10-30,21125,132,0,Friday,False,19259.43
2026-10-31,15687,102,0,Saturday,True,19259.43
