route_id,route_name,number_of_dates,avg_daily_trips,min_daily_trips,max_daily_trips,daily_trip_stddev,coefficient_of_variation
79,79,88,415.15,280,457,60.71,0.146
66,66,88,406.26,279,450,58.32,0.144
Red,Red Line,88,396.83,316,424,42.27,0.107
9,9,88,338.67,275,365,33.28,0.098
Blue,Blue Line,88,334.41,256,412,40.95,0.122
20,20,88,312.97,243,350,41.66,0.133
53,53,88,311.93,247,340,34.07,0.109
77,77,88,301.83,227,329,41.11,0.136
63,63,88,292.17,262,306,18.37,0.063
72,72,88,280.98,231,299,26.05,0.093
82,82,88,277.24,246,300,14.56,0.053
49,49,88,262.0,227,271,15.42,0.059
74,74,88,259.97,154,283,28.55,0.11
54,54,88,257.74,222,272,18.24,0.071
55,55,88,256.63,226,276,16.12,0.063
81,81,88,251.36,218,262,16.3,0.065
95,95,88,248.19,222,258,13.0,0.052
4,4,88,247.19,229,254,7.76,0.031
G,Green Line,88,247.14,224,256,13.73,0.056
87,87,88,243.73,176,271,33.25,0.136
12,12,88,243.56,215,254,16.1,0.066
60,60,88,242.09,219,252,14.37,0.059
47,47,88,241.25,217,251,15.07,0.062
22,22,88,230.14,193,240,16.32,0.071
8,8,88,230.11,145,257,43.06,0.187
34,34,88,226.68,202,236,12.67,0.056
J14,J14,88,224.4,177,242,27.3,0.122
85,85,88,221.27,136,244,29.68,0.134
3,3,88,220.95,148,243,33.89,0.153
67,67,88,213.38,167,228,20.29,0.095
146,146,88,209.74,169,222,19.94,0.095
151,151,88,208.92,182,225,11.27,0.054
49B,49B,88,204.74,155,221,25.5,0.125
147,147,88,203.13,166,219,15.28,0.075
35,35,88,199.94,121,221,32.3,0.162
80,80,88,193.24,144,208,23.06,0.119
155,155,88,192.18,146,204,20.71,0.108
70,70,88,191.38,131,214,32.96,0.172
71,71,88,190.14,151,199,15.33,0.081
P,Purple Line,88,189.41,178,202,5.63,0.03
6,6,88,188.4,168,205,10.14,0.054
76,76,88,182.41,94,209,42.5,0.233
62,62,88,182.36,148,193,16.02,0.088
65,65,88,180.11,120,204,29.64,0.165
152,152,88,178.59,97,214,45.83,0.257
52,52,88,173.01,117,190,27.55,0.159
119,119,88,170.1,110,189,29.74,0.175
36,36,88,166.88,162,175,3.55,0.021
21,21,88,164.72,128,176,17.98,0.109
73,73,88,163.27,98,187,35.16,0.215
Brn,Brown Line,88,162.27,110,180,27.24,0.168
50,50,88,161.92,128,173,16.18,0.1
29,29,88,158.75,137,165,9.12,0.057
75,75,88,155.59,116,168,19.92,0.128
53A,53A,88,154.26,102,173,27.93,0.181
Y,Yellow Line,88,152.91,136,160,10.95,0.072
78,78,88,152.41,107,167,22.04,0.145
94,94,88,151.83,103,170,27.65,0.182
56,56,88,150.9,110,167,24.6,0.163
28,28,88,150.16,116,164,18.06,0.12
15,15,88,147.77,110,159,17.29,0.117
92,92,88,147.23,108,162,21.81,0.148
126,126,88,138.65,113,154,14.45,0.104
91,91,88,137.9,90,155,26.29,0.191
115,115,88,136.35,118,143,10.36,0.076
Org,Orange Line,88,136.02,114,144,12.43,0.091
111,111,88,131.73,104,140,13.49,0.102
8A,8A,88,127.2,102,134,11.27,0.089
18,18,88,123.36,98,130,10.93,0.089
84,84,88,122.5,72,142,28.0,0.229
103,103,88,122.06,105,129,10.42,0.085
52A,52A,88,121.91,64,142,31.5,0.258
90,90,88,121.66,86,132,17.05,0.14
44,44,88,120.56,68,141,29.15,0.242
106,106,88,118.34,78,135,24.86,0.21
112,112,88,118.05,72,134,24.49,0.207
Pink,Pink Line,88,116.98,102,122,7.93,0.068
57,57,88,110.73,54,130,29.04,0.262
93,93,88,109.86,74,125,21.25,0.193
30,30,88,107.8,82,114,11.08,0.103
54B,54B,88,104.68,78,110,11.2,0.107
63W,63W,88,103.97,62,118,21.9,0.211
97,97,88,99.14,65,108,15.4,0.155
43,43,88,96.34,58,112,24.19,0.251
156,156,88,95.82,0,136,62.05,0.648
7,7,88,94.18,0,140,61.05,0.648
51,51,88,94.16,80,98,6.52,0.069
59,59,88,92.73,0,114,39.9,0.43
157,157,88,91.41,0,131,59.23,0.648
88,88,88,89.95,64,100,15.55,0.173
68,68,88,87.92,56,99,16.61,0.189
172,172,88,85.2,0,126,46.6,0.547
81W,81W,88,83.57,56,90,11.5,0.138
111A,111A,88,82.0,82,82,0.0,0.0
124,124,88,81.6,66,109,13.74,0.168
39,39,88,78.64,42,94,23.72,0.302
11,11,88,76.61,50,84,12.41,0.162
85A,85A,88,74.5,0,94,33.74,0.453
86,86,88,73.8,0,106,47.83,0.648
X9,X9,88,71.86,0,102,46.54,0.648
24,24,88,70.72,0,101,45.81,0.648
37,37,88,70.45,0,100,45.62,0.648
55N,55N,88,64.64,0,80,28.19,0.436
201,201,88,62.85,0,76,26.56,0.423
62H,62H,88,62.11,0,76,26.61,0.428
X49,X49,88,61.3,0,87,39.69,0.647
26,26,88,60.59,0,86,39.24,0.648
171,171,88,54.39,0,83,34.01,0.625
121,121,88,53.55,0,76,34.67,0.647
120,120,88,51.43,0,73,33.31,0.648
108,108,88,50.47,0,72,32.68,0.648
X4,X4,88,48.61,0,69,31.48,0.648
48,48,88,47.73,0,69,30.97,0.649
96,96,88,46.5,0,66,30.11,0.648
2,2,88,42.27,0,60,27.37,0.648
1,1,88,41.57,0,59,26.92,0.648
31,31,88,38.75,0,55,25.09,0.647
100,100,88,37.19,0,53,24.09,0.648
10,10,88,36.0,36,36,0.0,0.0
125,125,88,35.93,0,51,23.27,0.648
135,135,88,35.23,0,50,22.81,0.647
134,134,88,34.52,0,49,22.36,0.648
148,148,88,31.7,0,45,20.53,0.648
54A,54A,88,27.51,0,43,17.9,0.651
55A,55A,88,26.77,0,38,17.34,0.648
136,136,88,25.36,0,36,16.42,0.647
143,143,88,25.36,0,36,16.42,0.647
130,130,88,24.45,0,65,30.82,1.261
N5,N5,88,20.3,20,22,0.71,0.035
206,206,88,16.73,0,25,11.02,0.659
165,165,88,13.39,0,19,8.67,0.647
192,192,88,13.39,0,19,8.67,0.647
169,169,88,7.08,0,10,4.26,0.602
