route_id,route_name,route_long_name,route_type,total_scheduled_trips,active_service_days,average_trips_per_service_day
79,79,79th,3,36533,88,415.15
66,66,Chicago,3,35751,88,406.26
Red,Red Line,Red Line,1,34921,88,396.83
9,9,Ashland,3,29803,88,338.67
Blue,Blue Line,Blue Line,1,29428,88,334.41
20,20,Madison,3,27541,88,312.97
53,53,Pulaski,3,27450,88,311.93
77,77,Belmont,3,26561,88,301.83
63,63,63rd,3,25711,88,292.17
72,72,North,3,24726,88,280.98
82,82,Kimball/Homan,3,24397,88,277.24
49,49,Western,3,23056,88,262.0
74,74,Fullerton,3,22877,88,259.97
54,54,Cicero,3,22681,88,257.74
55,55,Garfield,3,22583,88,256.62
81,81,Lawrence,3,22120,88,251.36
95,95,95th,3,21841,88,248.19
4,4,Cottage Grove,3,21753,88,247.19
G,Green Line,Green Line,1,21748,88,247.14
87,87,87th,3,21448,88,243.73
12,12,Roosevelt,3,21433,88,243.56
60,60,Blue Island/26th,3,21304,88,242.09
47,47,47th,3,21230,88,241.25
22,22,Clark,3,20252,88,230.14
8,8,Halsted,3,20250,88,230.11
34,34,South Michigan,3,19948,88,226.68
J14,J14,Jeffery Jump,3,19747,88,224.4
85,85,Central,3,19472,88,221.27
3,3,King Drive,3,19444,88,220.95
67,67,67th/69th/71st,3,18777,88,213.38
146,146,Inner Lake Shore/Michigan Express,3,18457,88,209.74
151,151,Sheridan,3,18385,88,208.92
49B,49B,North Western,3,18017,88,204.74
147,147,Outer DuSable Lake Shore Express,3,17875,88,203.12
35,35,31st/35th,3,17595,88,199.94
80,80,Irving Park,3,17005,88,193.24
155,155,Devon,3,16912,88,192.18
70,70,Division,3,16841,88,191.38
71,71,71st/South Shore,3,16732,88,190.14
P,Purple Line,Purple Line,1,16668,88,189.41
6,6,Jackson Park Express,3,16579,88,188.4
76,76,Diversey,3,16052,88,182.41
62,62,Archer,3,16048,88,182.36
65,65,Grand,3,15850,88,180.11
152,152,Addison,3,15716,88,178.59
52,52,Kedzie,3,15225,88,173.01
119,119,Michigan/119th,3,14969,88,170.1
36,36,Broadway,3,14685,88,166.88
21,21,Cermak,3,14495,88,164.72
73,73,Armitage,3,14368,88,163.27
Brn,Brown Line,Brown Line,1,14280,88,162.27
50,50,Damen,3,14249,88,161.92
29,29,State,3,13970,88,158.75
75,75,74th/75th,3,13692,88,155.59
53A,53A,South Pulaski,3,13575,88,154.26
Y,Yellow Line,Yellow Line,1,13456,88,152.91
78,78,Montrose,3,13412,88,152.41
94,94,California,3,13361,88,151.83
56,56,Milwaukee,3,13279,88,150.9
28,28,Stony Island,3,13214,88,150.16
15,15,Jeffery Local,3,13004,88,147.77
92,92,Foster,3,12956,88,147.23
126,126,Jackson,3,12201,88,138.65
91,91,Austin,3,12135,88,137.9
115,115,Pullman/115th,3,11999,88,136.35
Org,Orange Line,Orange Line,1,11970,88,136.02
156,156,LaSalle,3,8432,62,136.0
7,7,Harrison,3,8288,62,133.68
111,111,111th/King Drive,3,11592,88,131.73
157,157,Streeterville/Taylor,3,8044,62,129.74
8A,8A,South Halsted,3,11194,88,127.2
18,18,16th/18th,3,10856,88,123.36
84,84,Peterson,3,10780,88,122.5
103,103,West 103rd,3,10741,88,122.06
52A,52A,South Kedzie,3,10728,88,121.91
90,90,Harlem,3,10706,88,121.66
44,44,Wallace/Racine,3,10609,88,120.56
106,106,East 103rd,3,10414,88,118.34
112,112,Vincennes/111th,3,10388,88,118.05
Pink,Pink Line,Pink Line,1,10294,88,116.98
57,57,Laramie,3,9744,88,110.73
93,93,California/Dodge,3,9668,88,109.86
59,59,59th/61st,3,8160,75,108.8
30,30,South Chicago,3,9486,88,107.8
86,86,Narragansett/Ridgeland,3,6494,62,104.74
54B,54B,South Cicero,3,9212,88,104.68
63W,63W,West 63rd,3,9149,88,103.97
X9,X9,Ashland Express,3,6324,62,102.0
24,24,Wentworth,3,6223,62,100.37
37,37,Sedgwick,3,6200,62,100.0
97,97,Skokie,3,8724,88,99.14
43,43,43rd,3,8478,88,96.34
51,51,51st,3,8286,88,94.16
172,172,U. of Chicago/Kenwood,3,7498,83,90.34
88,88,Higgins,3,7916,88,89.95
68,68,Northwest Highway,3,7737,88,87.92
85A,85A,North Central,3,6556,75,87.41
X49,X49,Western Express,3,5394,62,87.0
26,26,South Shore Express,3,5332,62,86.0
81W,81W,West Lawrence,3,7354,88,83.57
111A,111A,Pullman Shuttle,3,7216,88,82.0
124,124,Navy Pier,3,7181,88,81.6
39,39,Pershing,3,6920,88,78.64
11,11,Lincoln,3,6742,88,76.61
121,121,Union/Streeterville Express,3,4712,62,76.0
55N,55N,55th/Narragansett,3,5688,75,75.84
201,201,Central/Ridge,3,5531,75,73.75
120,120,Ogilvie/Streeterville Express,3,4526,62,73.0
62H,62H,Archer/Harlem,3,5466,75,72.88
108,108,Halsted/95th,3,4441,62,71.63
X4,X4,Cottage Grove Express,3,4278,62,69.0
48,48,South Damen,3,4200,62,67.74
171,171,U. of Chicago/Hyde Park,3,4786,72,66.47
96,96,Lunt,3,4092,62,66.0
130,130,Museum Campus,3,2152,34,63.29
2,2,Hyde Park Express,3,3720,62,60.0
1,1,Bronzeville/Union Station,3,3658,62,59.0
31,31,31st,3,3410,62,55.0
100,100,Jeffery Manor Express,3,3273,62,52.79
125,125,Water Tower Express,3,3162,62,51.0
135,135,Clarendon/LaSalle Express,3,3100,62,50.0
134,134,Stockton/LaSalle Express,3,3038,62,49.0
148,148,Clarendon/Michigan Express,3,2790,62,45.0
54A,54A,North Cicero/Skokie Blvd.,3,2421,62,39.05
55A,55A,55th/Austin,3,2356,62,38.0
10,10,Obama Presidential Center/Museum of Science & Industry Express ,3,3168,88,36.0
136,136,Sheridan/LaSalle Express,3,2232,62,36.0
143,143,Stockton/Michigan Express,3,2232,62,36.0
206,206,Evanston Circulator,3,1472,62,23.74
N5,N5,South Shore Night Bus,3,1786,88,20.3
165,165,West 65th,3,1178,62,19.0
192,192,University of Chicago Hospitals Express,3,1178,62,19.0
169,169,69th/UPS Express,3,623,76,8.2
