service_date,service_id,scheduled_trips
2026-08-31,109201,1709
2026-08-31,109202,0
2026-08-31,109213,0
2026-08-31,109214,0
2026-08-31,109215,86
2026-08-31,109218,0
2026-08-31,109219,0
2026-08-31,109222,0
2026-08-31,109223,0
2026-08-31,109226,0
2026-08-31,109227,0
2026-08-31,109230,0
2026-08-31,109231,0
2026-08-31,109232,0
2026-08-31,109233,0
2026-08-31,109234,0
2026-08-31,109235,0
2026-08-31,109236,0
2026-08-31,109237,0
2026-08-31,109238,0
2026-08-31,109239,0
2026-08-31,109240,0
2026-08-31,209201,30
2026-08-31,6800101,63
2026-08-31,68101,18789
2026-08-31,68102,34
2026-08-31,68113,6
2026-08-31,68114,0
2026-08-31,68115,370
2026-08-31,68118,0
2026-08-31,68119,0
2026-08-31,68122,49
2026-08-31,68123,0
2026-08-31,68126,16
2026-08-31,68127,0
2026-08-31,68130,0
2026-08-31,68131,0
2026-08-31,68132,0
2026-08-31,68133,0
2026-08-31,68134,0
2026-08-31,68135,0
2026-08-31,68136,0
2026-08-31,68137,0
2026-08-31,68138,0
2026-08-31,68139,0
2026-08-31,68140,0
2026-09-07,109209,1350
2026-09-07,109214,0
2026-09-07,109215,86
2026-09-07,109219,0
2026-09-07,109223,0
2026-09-07,109227,0
2026-09-07,109231,0
2026-09-07,109233,0
2026-09-07,109235,0
2026-09-07,109237,0
2026-09-07,109238,0
2026-09-07,109239,0
2026-09-07,109240,0
2026-09-07,6800101,63
2026-09-07,68109,11697
2026-09-07,68114,0
2026-09-07,68115,370
2026-09-07,68119,0
2026-09-07,68123,0
2026-09-07,68127,0
2026-09-07,68131,0
2026-09-07,68133,0
2026-09-07,68135,0
2026-09-07,68137,0
2026-09-07,68138,0
2026-09-07,68139,0
2026-09-07,68140,0
2026-09-14,109201,1709
2026-09-14,109202,0
2026-09-14,109213,0
2026-09-14,109214,0
2026-09-14,109215,86
2026-09-14,109218,0
2026-09-14,109219,0
2026-09-14,109222,0
2026-09-14,109223,0
2026-09-14,109226,0
2026-09-14,109227,0
2026-09-14,109230,0
2026-09-14,109231,0
2026-09-14,109232,0
2026-09-14,109233,0
2026-09-14,109234,0
2026-09-14,109235,0
2026-09-14,109236,0
2026-09-14,109237,0
2026-09-14,109238,0
2026-09-14,109239,0
2026-09-14,109240,0
2026-09-14,209201,30
2026-09-14,68101,18789
2026-09-14,68102,34
2026-09-14,68113,6
2026-09-14,68114,0
2026-09-14,68115,370
2026-09-14,68118,0
2026-09-14,68119,0
2026-09-14,68122,49
2026-09-14,68123,0
2026-09-14,68126,16
2026-09-14,68127,0
2026-09-14,68130,0
2026-09-14,68131,0
2026-09-14,68132,0
2026-09-14,68133,0
2026-09-14,68134,0
2026-09-14,68135,0
2026-09-14,68136,0
2026-09-14,68137,0
2026-09-14,68138,0
2026-09-14,68139,0
2026-09-14,68140,0
